X,Y,month,day,FFMC,DMC,DC,DMC/DC,ISI,temp,RH,area,wind,rain
7,5,mar,fri,86.2,26.2,94.3,27.78366914,5.1,8.2,51,0,6.7,0
7,4,oct,tue,90.6,35.4,669.1,5.290688985,6.7,18,33,0,0.9,0
7,4,oct,sat,90.6,43.7,686.9,6.361915854,6.7,14.6,33,0,1.3,0
8,6,mar,fri,91.7,33.3,77.5,42.96774194,9,8.3,97,0,4,0.2
8,6,mar,sun,89.3,51.3,102.2,50.19569472,9.6,11.4,99,0,1.8,0
8,6,aug,sun,92.3,85.3,488,17.4795082,14.7,22.2,29,0,5.4,0
8,6,aug,mon,92.3,88.9,495.6,17.93785311,8.5,24.1,27,0,3.1,0
8,6,aug,mon,91.5,145.4,608.2,23.90660967,10.7,8,86,0,2.2,0
8,6,sep,tue,91,129.5,692.6,18.69766099,7,13.1,63,0,5.4,0
7,5,sep,sat,92.5,88,698.6,12.59662182,7.1,22.8,40,0,4,0
7,5,sep,sat,92.5,88,698.6,12.59662182,7.1,17.8,51,0,x,0
7,5,sep,sat,92.8,73.2,713,10.26647966,22.6,19.3,38,0,4,0
6,5,aug,fri,63.5,70.8,665.3,10.64181572,0.8,17,72,0,6.7,0
6,5,sep,mon,90.9,126.5,686.5,18.42680262,7,21.3,42,0,2.2,0
6,5,sep,wed,92.9,133.3,699.6,19.053745,9.2,26.4,21,0,4.5,0
6,5,sep,fri,93.3,141.2,713.9,19.77868049,13.9,22.9,44,0,5.4,0
5,5,mar,sat,91.7,35.8,80.8,44.30693069,7.8,15.1,27,0,5.4,0
8,5,oct,mon,84.9,32.8,664.2,4.938271605,3,16.7,47,0,4.9,0
6,4,mar,wed,89.2,27.9,70.8,39.40677966,6.3,15.9,35,0,4,0
6,4,apr,sat,86.3,27.4,97.1,28.21833162,5.1,9.3,44,0,4.5,0
6,4,sep,tue,91,129.5,692.6,18.69766099,7,18.3,40,0,2.7,0
5,4,sep,mon,91.8,78.5,724.3,10.83805053,9.2,19.1,38,0,2.7,0
7,4,jun,sun,94.3,96.3,200,48.15,56.1,21,44,0,4.5,0
7,4,aug,sat,90.2,110.9,537.4,20.63639747,6.2,19.5,43,0,5.8,0
7,4,aug,sat,93.5,139.4,594.2,23.46011444,20.3,23.7,32,0,5.8,0
7,4,aug,sun,91.4,142.4,601.4,23.67808447,10.6,16.3,60,0,5.4,0
7,4,sep,fri,92.4,117.9,668,17.6497006,12.2,19,34,0,5.8,0
7,4,sep,mon,90.9,126.5,686.5,18.42680262,7,19.4,48,0,1.3,0
6,3,sep,sat,93.4,145.4,721.4,20.15525367,8.1,30.2,24,0,2.7,0
6,3,sep,sun,93.5,149.3,728.6,20.49135328,8.1,22.8,39,0,3.6,0
6,3,sep,fri,94.3,85.1,692.3,12.2923588,15.9,25.4,24,0,3.6,0
6,3,sep,mon,88.6,91.8,709.9,12.93139879,7.1,11.2,78,0,7.6,0
6,3,sep,fri,88.6,69.7,706.8,9.861346916,5.8,20.6,37,0,1.8,0
6,3,sep,sun,91.7,75.6,718.3,10.52485034,7.8,17.7,39,0,3.6,0
6,3,sep,mon,91.8,78.5,724.3,10.83805053,9.2,21.2,32,0,2.7,0
6,3,sep,tue,90.3,80.7,730.2,11.05176664,6.3,18.2,62,0,4.5,0
6,3,oct,tue,90.6,35.4,669.1,5.290688985,6.7,21.7,24,0,4.5,0
7,4,oct,fri,90,41.5,682.6,6.079695283,8.7,11.3,60,0,5.4,0
7,3,oct,sat,90.6,43.7,686.9,6.361915854,6.7,17.8,27,0,4,0
4,4,mar,tue,88.1,25.7,67.6,38.01775148,3.8,14.1,43,0,2.7,0
4,4,jul,tue,79.5,60.6,366.7,16.52577038,1.5,23.3,37,0,3.1,0
4,4,aug,sat,90.2,96.9,624.2,15.52387055,8.9,18.4,42,0,6.7,0
4,4,aug,tue,94.8,108.3,647.1,16.7362077,17,16.6,54,0,5.4,0
4,4,sep,sat,92.5,88,698.6,12.59662182,7.1,19.6,48,0,2.7,0
4,4,sep,wed,90.1,82.9,735.7,11.26817996,6.2,12.9,74,0,4.9,0
5,6,sep,wed,94.3,85.1,692.3,12.2923588,15.9,25.9,24,0,4,0
5,6,sep,mon,90.9,126.5,686.5,18.42680262,7,14.7,70,0,3.6,0
6,6,jul,mon,94.2,62.3,442.9,14.06638067,11,23,36,0,3.1,0
4,4,mar,mon,87.2,23.9,64.7,36.93972179,4.1,11.8,35,0,1.8,0
4,4,mar,mon,87.6,52.2,103.8,50.28901734,5,11,46,0,5.8,0
4,4,sep,thu,92.9,137,706.4,19.39411099,9.2,20.8,17,0,1.3,0
4,3,aug,sun,90.2,99.6,631.2,15.77946768,6.3,21.5,34,0,2.2,0
4,3,aug,wed,92.1,111.2,654.1,17.00045865,9.6,20.4,42,0,4.9,0
4,3,aug,wed,92.1,111.2,654.1,17.00045865,9.6,20.4,42,0,4.9,0
4,3,aug,thu,91.7,114.3,661.3,17.28413731,6.3,17.6,45,0,3.6,0
4,3,sep,thu,92.9,137,706.4,19.39411099,9.2,27.7,24,0,2.2,0
4,3,sep,tue,90.3,80.7,730.2,11.05176664,6.3,17.8,63,0,4.9,0
4,3,oct,sun,92.6,46.5,691.8,6.721595837,8.8,13.8,50,0,2.7,0
2,2,feb,mon,84,9.3,34,27.35294118,2.1,13.9,40,0,5.4,0
2,2,feb,fri,86.6,13.2,43,30.69767442,5.3,12.3,51,0,0.9,0
2,2,mar,sun,89.3,51.3,102.2,50.19569472,9.6,11.5,39,0,5.8,0
2,2,mar,sun,89.3,51.3,102.2,50.19569472,9.6,5.5,59,0,6.3,0
2,2,aug,thu,93,75.3,466.6,16.13801972,7.7,18.8,35,0,4.9,0
2,2,aug,sun,90.2,99.6,631.2,15.77946768,6.3,20.8,33,0,2.7,0
2,2,aug,mon,91.1,103.2,638.8,16.15529117,5.8,23.1,31,0,3.1,0
2,2,aug,thu,91.7,114.3,661.3,17.28413731,6.3,18.6,44,0,4.5,0
2,2,sep,fri,92.4,117.9,668,17.6497006,12.2,23,37,0,4.5,0
2,2,sep,fri,92.4,117.9,668,17.6497006,12.2,19.6,33,0,5.4,0
2,2,sep,fri,92.4,117.9,668,17.6497006,12.2,19.6,33,0,6.3,0
4,5,mar,fri,91.7,33.3,77.5,42.96774194,9,17.2,26,0,4.5,0
4,5,mar,fri,91.2,48.3,97.8,49.38650307,12.5,15.8,27,0,7.6,0
4,5,sep,fri,94.3,85.1,692.3,12.2923588,15.9,17.7,37,0,3.6,0
5,4,mar,fri,91.7,33.3,77.5,42.96774194,9,15.6,25,0,6.3,0
5,4,aug,tue,88.8,147.3,614.5,23.97070789,9,17.3,43,0,4.5,0
5,4,sep,fri,93.3,141.2,713.9,19.77868049,13.9,27.6,30,0,1.3,0
9,9,feb,thu,84.2,6.8,26.6,25.56390977,7.7,6.7,79,0,3.1,0
9,9,feb,fri,86.6,13.2,43,30.69767442,5.3,15.7,43,0,3.1,0
1,3,mar,mon,87.6,52.2,103.8,50.28901734,5,8.3,72,0,3.1,0
1,2,aug,fri,90.1,108,529.8,20.38505096,12.5,14.7,66,0,2.7,0
1,2,aug,tue,91,121.2,561.6,21.58119658,7,21.6,19,0,6.7,0
1,2,aug,sun,91.4,142.4,601.4,23.67808447,10.6,19.5,39,0,6.3,0
1,2,aug,sun,90.2,99.6,631.2,15.77946768,6.3,17.9,44,0,2.2,0
1,2,aug,tue,94.8,108.3,647.1,16.7362077,17,18.6,51,0,4.5,0
1,2,aug,wed,92.1,111.2,654.1,17.00045865,9.6,16.6,47,0,0.9,0
1,2,aug,thu,91.7,114.3,661.3,17.28413731,6.3,20.2,45,0,3.6,0
1,2,sep,thu,92.9,137,706.4,19.39411099,9.2,21.5,15,0,0.9,0
1,2,sep,thu,92.9,137,706.4,19.39411099,9.2,25.4,27,0,2.2,0
1,2,sep,thu,92.9,137,706.4,19.39411099,9.2,22.4,34,0,2.2,0
1,2,sep,sun,93.5,149.3,728.6,20.49135328,8.1,25.3,36,0,3.6,0
6,5,mar,sat,91.7,35.8,80.8,44.30693069,7.8,17.4,25,0,4.9,0
6,5,aug,sat,90.2,96.9,624.2,15.52387055,8.9,14.7,59,0,5.8,0
8,6,mar,fri,91.7,35.8,80.8,44.30693069,7.8,17.4,24,0,5.4,0
8,6,aug,sun,92.3,85.3,488,17.4795082,14.7,20.8,32,0,6.3,0
8,6,aug,sun,91.4,142.4,601.4,23.67808447,10.6,18.2,43,0,4.9,0
8,6,aug,mon,91.1,103.2,638.8,16.15529117,5.8,23.4,22,0,2.7,0
4,4,sep,sun,89.7,90,704.4,12.77683135,4.8,17.8,64,0,1.3,0
3,4,feb,sat,83.9,8,30.2,26.49006623,2.6,12.7,48,0,1.8,0
3,4,mar,sat,69,2.4,15.5,15.48387097,0.7,17.4,24,0,5.4,0
3,4,aug,sun,91.4,142.4,601.4,23.67808447,10.6,11.6,87,0,4.5,0
3,4,aug,sun,91.4,142.4,601.4,23.67808447,10.6,19.8,39,0,5.4,0
3,4,aug,sun,91.4,142.4,601.4,23.67808447,10.6,19.8,39,0,5.4,0
3,4,aug,tue,88.8,147.3,614.5,23.97070789,9,14.4,66,0,5.4,0
2,4,aug,tue,94.8,108.3,647.1,16.7362077,17,20.1,40,0,4,0
2,4,sep,sat,92.5,121.1,674.4,17.95670225,8.6,24.1,29,0,4.5,0
2,4,jan,sat,82.1,3.7,9.3,39.78494624,2.9,5.3,78,0,3.1,0
4,5,mar,fri,85.9,19.5,57.3,34.03141361,2.8,12.7,52,0,6.3,0
4,5,mar,thu,91.4,30.7,74.3,41.31897712,7.5,18.2,29,0,3.1,0
4,5,aug,sun,90.2,99.6,631.2,15.77946768,6.3,21.4,33,0,3.1,0
4,5,sep,sat,92.5,88,698.6,12.59662182,7.1,20.3,45,0,3.1,0
4,5,sep,mon,88.6,91.8,709.9,12.93139879,7.1,17.4,56,0,5.4,0
4,4,mar,fri,85.9,19.5,57.3,34.03141361,2.8,13.7,43,0,5.8,0
3,4,mar,fri,91.7,33.3,77.5,42.96774194,9,18.8,18,0,4.5,0
3,4,sep,sun,89.7,90,704.4,12.77683135,4.8,22.8,39,0,3.6,0
3,4,sep,mon,91.8,78.5,724.3,10.83805053,9.2,18.9,35,0,2.7,0
3,4,mar,tue,88.1,25.7,67.6,38.01775148,3.8,15.8,27,0,7.6,0
3,5,mar,tue,88.1,25.7,67.6,38.01775148,3.8,15.5,27,0,6.3,0
3,4,mar,sat,91.7,35.8,80.8,44.30693069,7.8,11.6,30,0,6.3,0
3,4,mar,sat,91.7,35.8,80.8,44.30693069,7.8,15.2,27,0,4.9,0
3,4,mar,mon,90.1,39.7,86.6,45.84295612,6.2,10.6,30,0,4,0
3,4,aug,thu,93,75.3,466.6,16.13801972,7.7,19.6,36,0,3.1,0
3,4,aug,mon,91.5,145.4,608.2,23.90660967,10.7,10.3,74,0,2.2,0
3,4,aug,mon,91.5,145.4,608.2,23.90660967,10.7,17.1,43,0,5.4,0
3,4,sep,sun,92.4,124.1,680.7,18.23123255,8.5,22.5,42,0,5.4,0
3,4,sep,tue,84.4,73.4,671.9,10.92424468,3.2,17.9,45,0,3.1,0
3,4,sep,fri,94.3,85.1,692.3,12.2923588,15.9,19.8,50,0,5.4,0
3,4,oct,sun,92.6,46.5,691.8,6.721595837,8.8,20.6,24,0,5.4,0
3,5,mar,mon,87.6,52.2,103.8,50.28901734,5,9,49,0,2.2,0
3,5,sep,fri,93.5,149.3,728.6,20.49135328,8.1,17.2,43,0,3.1,0
3,5,oct,wed,91.4,37.9,673.8,5.624814485,5.2,15.9,46,0,3.6,0
2,5,oct,sun,92.6,46.5,691.8,6.721595837,8.8,15.4,35,0,0.9,0
4,6,feb,sat,68.2,21.5,87.2,24.6559633,0.8,15.4,40,0,2.7,0
4,6,mar,mon,87.2,23.9,64.7,36.93972179,4.1,14,39,0,3.1,0
4,6,mar,sun,89.3,51.3,102.2,50.19569472,9.6,10.6,46,0,4.9,0
4,6,sep,thu,93.7,80.9,685.2,11.80677175,17.9,17.6,42,0,3.1,0
3,5,mar,tue,88.1,25.7,67.6,38.01775148,3.8,14.9,38,0,2.7,0
3,5,aug,sat,93.5,139.4,594.2,23.46011444,20.3,17.6,52,0,5.8,0
3,6,sep,sun,92.4,124.1,680.7,18.23123255,8.5,17.2,58,0,1.3,0
3,6,sep,mon,90.9,126.5,686.5,18.42680262,7,15.6,66,0,3.1,0
9,9,jul,tue,85.8,48.3,313.4,15.41161455,3.9,18,42,0.36,2.7,0
1,4,sep,tue,91,129.5,692.6,18.69766099,7,21.7,38,0.43,2.2,0
2,5,sep,mon,90.9,126.5,686.5,18.42680262,7,21.9,39,0.47,1.8,0
1,2,aug,wed,95.5,99.9,513.3,19.46230275,13.2,23.3,31,0.55,4.5,0
8,6,aug,fri,90.1,108,529.8,20.38505096,12.5,21.2,51,0.61,8.9,0
1,2,jul,sat,90,51.3,296.3,17.31353358,8.7,16.6,53,0.71,5.4,0
2,5,aug,wed,95.5,99.9,513.3,19.46230275,13.2,23.8,32,0.77,5.4,0
6,5,aug,thu,95.2,131.7,578.8,22.75397374,10.4,27.4,22,0.9,4,0
5,4,mar,mon,90.1,39.7,86.6,45.84295612,6.2,13.2,40,0.95,5.4,0
8,3,sep,tue,84.4,73.4,671.9,10.92424468,3.2,24.2,28,0.96,3.6,0
2,2,aug,tue,94.8,108.3,647.1,16.7362077,17,17.4,43,1.07,6.7,0
8,6,sep,thu,93.7,80.9,685.2,11.80677175,17.9,23.7,25,1.12,4.5,0
6,5,jun,fri,92.5,56.4,433.3,13.01638588,7.1,23.2,39,1.19,5.4,0
9,9,jul,sun,90.1,68.6,355.2,19.31306306,7.2,24.8,29,1.36,2.2,0
3,4,jul,sat,90.1,51.2,424.1,12.07262438,6.2,24.6,43,1.43,1.8,0
5,4,sep,fri,94.3,85.1,692.3,12.2923588,15.9,20.1,47,1.46,4.9,0
1,5,sep,sat,93.4,145.4,721.4,20.15525367,8.1,29.6,27,1.46,2.7,0
7,4,aug,sun,94.8,108.3,647.1,16.7362077,17,16.4,47,1.56,1.3,0
2,4,sep,sat,93.4,145.4,721.4,20.15525367,8.1,28.6,27,1.61,2.2,0
2,2,aug,wed,92.1,111.2,654.1,17.00045865,9.6,18.4,45,1.63,3.6,0
2,4,aug,wed,92.1,111.2,654.1,17.00045865,9.6,20.5,35,1.64,4,0
7,4,sep,fri,92.4,117.9,668,17.6497006,12.2,19,34,1.69,5.8,0
7,4,mar,mon,90.1,39.7,86.6,45.84295612,6.2,16.1,29,1.75,3.1,0
6,4,aug,thu,95.2,131.7,578.8,22.75397374,10.4,20.3,41,1.9,4,0
6,3,mar,sat,90.6,50.1,100.4,49.90039841,7.8,15.2,31,1.94,8.5,0
8,6,sep,sat,92.5,121.1,674.4,17.95670225,8.6,17.8,56,1.95,1.8,0
8,5,sep,sun,89.7,90,704.4,12.77683135,4.8,17.8,67,2.01,2.2,0
6,5,mar,thu,84.9,18.2,55,33.09090909,3,5.3,70,2.14,4.5,0
6,5,aug,wed,92.1,111.2,654.1,17.00045865,9.6,16.6,47,2.29,0.9,0
6,5,aug,wed,96,127.1,570.5,22.27870289,16.5,23.4,33,2.51,4.5,0
6,5,mar,fri,91.2,48.3,97.8,49.38650307,12.5,14.6,26,2.53,9.4,0
8,6,aug,thu,95.2,131.7,578.8,22.75397374,10.4,20.7,45,2.55,2.2,0
5,4,sep,wed,92.9,133.3,699.6,19.053745,9.2,21.9,35,2.57,1.8,0
8,6,aug,wed,85.6,90.4,609.6,14.82939633,6.6,17.4,50,2.69,4,0
7,4,aug,sun,91.4,142.4,601.4,23.67808447,10.6,20.1,39,2.74,5.4,0
4,4,sep,mon,90.9,126.5,686.5,18.42680262,7,17.7,39,3.07,2.2,0
1,4,aug,sat,90.2,96.9,624.2,15.52387055,8.9,14.2,53,3.5,1.8,0
1,4,aug,sat,90.2,96.9,624.2,15.52387055,8.9,20.3,39,4.53,4.9,0
6,5,apr,thu,81.5,9.1,55.2,16.48550725,2.7,5.8,54,4.61,5.8,0
2,5,aug,sun,90.2,99.6,631.2,15.77946768,6.3,19.2,44,4.69,2.7,0
2,5,sep,wed,90.1,82.9,735.7,11.26817996,6.2,18.3,45,4.88,2.2,0
8,6,aug,tue,88.8,147.3,614.5,23.97070789,9,14.4,66,5.23,5.4,0
1,3,sep,sun,92.4,124.1,680.7,18.23123255,8.5,23.9,32,5.33,6.7,0
8,6,oct,mon,84.9,32.8,664.2,4.938271605,3,19.1,32,5.44,4,0
5,4,feb,sun,86.8,15.6,48.3,32.29813665,3.9,12.4,53,6.38,2.2,0
7,4,oct,mon,91.7,48.5,696.1,6.967389743,11.1,16.8,45,6.83,4.5,0
8,6,aug,fri,93.9,135.7,586.7,23.12936765,15.1,20.8,34,6.96,4.9,0
2,5,sep,tue,91,129.5,692.6,18.69766099,7,17.6,46,7.04,3.1,0
8,6,mar,sun,89.3,51.3,102.2,50.19569472,9.6,11.5,39,7.19,5.8,0
1,5,sep,mon,90.9,126.5,686.5,18.42680262,7,21,42,7.3,2.2,0
6,4,mar,sat,90.8,41.9,89.4,46.86800895,7.9,13.3,42,7.4,0.9,0
7,4,mar,sun,90.7,44,92.4,47.61904762,5.5,11.5,60,8.24,4,0
6,5,mar,fri,91.2,48.3,97.8,49.38650307,12.5,11.7,33,8.31,4,0
2,5,aug,thu,95.2,131.7,578.8,22.75397374,10.4,24.2,28,8.68,2.7,0
2,2,aug,tue,94.8,108.3,647.1,16.7362077,17,24.6,22,8.71,4.5,0
4,5,sep,wed,92.9,133.3,699.6,19.053745,9.2,24.3,25,9.41,4,0
2,2,aug,tue,94.8,108.3,647.1,16.7362077,17,24.6,22,10.01,4.5,0
2,5,aug,fri,93.9,135.7,586.7,23.12936765,15.1,23.5,36,10.02,5.4,0
6,5,apr,thu,81.5,9.1,55.2,16.48550725,2.7,5.8,54,10.93,5.8,0
4,5,sep,thu,92.9,137,706.4,19.39411099,9.2,21.5,15,11.06,0.9,0
3,4,sep,tue,91,129.5,692.6,18.69766099,7,13.9,59,11.24,6.3,0
2,4,sep,mon,63.5,70.8,665.3,10.64181572,0.8,22.6,38,11.32,3.6,0
1,5,sep,tue,91,129.5,692.6,18.69766099,7,21.6,33,11.53,2.2,0
6,5,mar,sun,90.1,37.6,83.7,44.9223417,7.2,12.4,54,12.1,3.6,0
7,4,feb,sun,83.9,8.7,32.1,27.10280374,2.1,8.8,68,13.05,2.2,0
8,6,oct,wed,91.4,37.9,673.8,5.624814485,5.2,20.2,37,13.7,2.7,0
5,6,mar,sat,90.6,50.1,100.4,49.90039841,7.8,15.1,64,13.99,4,0
4,5,sep,thu,92.9,137,706.4,19.39411099,9.2,22.1,34,14.57,1.8,0
2,2,aug,sat,93.5,139.4,594.2,23.46011444,20.3,22.9,31,15.45,7.2,0
7,5,sep,tue,91,129.5,692.6,18.69766099,7,20.7,37,17.2,2.2,0
6,5,sep,fri,92.4,117.9,668,17.6497006,12.2,19.6,33,19.23,6.3,0
8,3,sep,thu,93.7,80.9,685.2,11.80677175,17.9,23.2,26,23.41,4.9,0
4,4,oct,sat,90.6,43.7,686.9,6.361915854,6.7,18.4,25,24.23,3.1,0
7,4,aug,sat,93.5,139.4,594.2,23.46011444,20.3,5.1,96,26,5.8,0
7,4,sep,fri,94.3,85.1,692.3,12.2923588,15.9,20.1,47,26.13,4.9,0
7,3,mar,mon,87.6,52.2,103.8,50.28901734,5,11,46,27.35,5.8,0
4,4,mar,sat,91.7,35.8,80.8,44.30693069,7.8,17,27,28.66,4.9,0
4,4,mar,sat,91.7,35.8,80.8,44.30693069,7.8,17,27,28.66,4.9,0
4,4,sep,sun,92.4,124.1,680.7,18.23123255,8.5,16.9,60,29.48,1.3,0
1,3,sep,mon,88.6,91.8,709.9,12.93139879,7.1,12.4,73,30.32,6.3,0
4,5,sep,wed,92.9,133.3,699.6,19.053745,9.2,19.4,19,31.72,1.3,0
6,5,mar,mon,90.1,39.7,86.6,45.84295612,6.2,15.2,27,31.86,3.1,0
8,6,aug,sun,90.2,99.6,631.2,15.77946768,6.3,16.2,59,32.07,3.1,0
3,4,sep,fri,93.3,141.2,713.9,19.77868049,13.9,18.6,49,35.88,3.6,0
4,3,mar,mon,87.6,52.2,103.8,50.28901734,5,11,46,36.85,5.8,0
2,2,jul,fri,88.3,150.3,309.9,48.49951597,6.8,13.4,79,37.02,3.6,0
7,4,sep,wed,90.1,82.9,735.7,11.26817996,6.2,15.4,57,37.71,4.5,0
4,4,sep,sun,93.5,149.3,728.6,20.49135328,8.1,22.9,39,48.55,4.9,0
7,5,oct,mon,91.7,48.5,696.1,6.967389743,11.1,16.1,44,49.37,4,0
8,6,aug,sat,92.2,81.8,480.8,17.01331115,11.9,20.1,34,58.3,4.5,0
4,6,sep,sun,93.5,149.3,728.6,20.49135328,8.1,28.3,26,64.1,3.1,0
8,6,aug,sat,92.2,81.8,480.8,17.01331115,11.9,16.4,43,71.3,4,0
4,4,sep,wed,92.9,133.3,699.6,19.053745,9.2,26.4,21,88.49,4.5,0
1,5,sep,sun,93.5,149.3,728.6,20.49135328,8.1,27.8,27,95.18,3.1,0
6,4,sep,tue,91,129.5,692.6,18.69766099,7,18.7,43,103.39,2.7,0
9,4,sep,tue,84.4,73.4,671.9,10.92424468,3.2,24.3,36,105.66,3.1,0
4,5,sep,sat,92.5,121.1,674.4,17.95670225,8.6,17.7,25,154.88,3.1,0
8,6,aug,sun,91.4,142.4,601.4,23.67808447,10.6,19.6,41,196.48,5.8,0
2,2,sep,sat,92.5,121.1,674.4,17.95670225,8.6,18.2,46,200.94,1.8,0
1,2,sep,tue,91,129.5,692.6,18.69766099,7,18.8,40,212.88,2.2,0
6,5,sep,sat,92.5,121.1,674.4,17.95670225,8.6,25.1,27,1090.84,4,0
7,5,apr,sun,81.9,3,7.9,37.97468354,3.5,13.4,75,0,1.8,0
6,3,apr,wed,88,17.2,43.5,39.54022989,3.8,15.2,51,0,2.7,0
4,4,apr,fri,83,23.3,85.3,27.31535756,2.3,16.7,20,0,3.1,0
2,4,aug,sun,94.2,122.3,589.9,20.73232751,12.9,15.4,66,10.13,4,0
7,4,aug,sun,91.8,175.1,700.7,24.98929642,13.8,21.9,73,0,7.6,1
2,4,aug,sun,91.8,175.1,700.7,24.98929642,13.8,22.4,54,2.87,7.6,0
3,4,aug,sun,91.8,175.1,700.7,24.98929642,13.8,26.8,38,0.76,6.3,0
5,4,aug,sun,91.8,175.1,700.7,24.98929642,13.8,25.7,39,0.09,5.4,0
2,4,aug,wed,92.2,91.6,503.6,18.18903892,9.6,20.7,70,0.75,2.2,0
8,6,aug,wed,93.1,157.3,666.7,23.59382031,13.5,28.7,28,0,2.7,0
3,4,aug,wed,93.1,157.3,666.7,23.59382031,13.5,21.7,40,2.47,0.4,0
8,5,aug,wed,93.1,157.3,666.7,23.59382031,13.5,26.8,25,0.68,3.1,0
8,5,aug,wed,93.1,157.3,666.7,23.59382031,13.5,24,36,0.24,3.1,0
6,5,aug,wed,93.1,157.3,666.7,23.59382031,13.5,22.1,37,0.21,3.6,0
7,4,aug,thu,91.9,109.2,565.5,19.31034483,8,21.4,38,1.52,2.7,0
6,3,aug,thu,91.6,138.1,621.7,22.21328615,6.3,18.9,41,10.34,3.1,0
2,5,aug,thu,87.5,77,694.8,11.08232585,5,22.3,46,0,4,0
8,6,aug,sat,94.2,117.2,581.1,20.16864567,11,23.9,41,8.02,2.2,0
4,3,aug,sat,94.2,117.2,581.1,20.16864567,11,21.4,44,0.68,2.7,0
3,4,aug,sat,91.8,170.9,692.3,24.68582984,13.7,20.6,59,0,0.9,0
7,4,aug,sat,91.8,170.9,692.3,24.68582984,13.7,23.7,40,1.38,1.8,0
2,4,aug,mon,93.6,97.9,542,18.06273063,14.4,28.3,32,8.85,4,0
3,4,aug,fri,91.6,112.4,573,19.61605585,8.9,11.2,84,3.3,7.6,0
2,4,aug,fri,91.6,112.4,573,19.61605585,8.9,21.4,42,4.25,3.1,0
6,3,aug,fri,91.1,141.1,629.1,22.42886663,7.1,19.3,39,1.56,3.6,0
4,4,aug,fri,94.3,167.6,684.4,24.48860316,13,21.8,53,6.54,3.1,0
4,4,aug,tue,93.7,102.2,550.3,18.57168817,14.6,22.1,54,0.79,7.6,0
6,5,aug,tue,94.3,131.7,607.1,21.693296,22.7,19.4,55,0.17,4,0
2,2,aug,tue,92.1,152.6,658.2,23.18444242,14.3,23.7,24,0,3.1,0
3,4,aug,tue,92.1,152.6,658.2,23.18444242,14.3,21,32,0,3.1,0
4,4,aug,tue,92.1,152.6,658.2,23.18444242,14.3,19.1,53,4.4,2.7,0
2,2,aug,tue,92.1,152.6,658.2,23.18444242,14.3,21.8,56,0.52,3.1,0
8,6,aug,tue,92.1,152.6,658.2,23.18444242,14.3,20.1,58,9.27,4.5,0
2,5,aug,tue,92.1,152.6,658.2,23.18444242,14.3,20.2,47,3.09,4,0
4,6,dec,sun,84.4,27.2,353.5,7.694483734,6.8,4.8,57,8.98,8.5,0
8,6,dec,wed,84,27.8,354.6,7.839819515,5.3,5.1,61,11.19,8,0
4,6,dec,thu,84.6,26.4,352,7.5,2,5.1,61,5.38,4.9,0
4,4,dec,mon,85.4,25.4,349.7,7.263368602,2.6,4.6,21,17.85,8.5,0
3,4,dec,mon,85.4,25.4,349.7,7.263368602,2.6,4.6,21,10.73,8.5,0
4,4,dec,mon,85.4,25.4,349.7,7.263368602,2.6,4.6,21,22.03,8.5,0
4,4,dec,mon,85.4,25.4,349.7,7.263368602,2.6,4.6,21,9.77,8.5,0
4,6,dec,fri,84.7,26.7,352.6,7.572319909,4.1,2.2,59,9.27,4.9,0
6,5,dec,tue,85.4,25.4,349.7,7.263368602,2.6,5.1,24,24.77,8.5,0
6,3,feb,sun,84.9,27.5,353.5,7.779349364,3.4,4.2,51,0,4,0
3,4,feb,wed,86.9,6.6,18.7,35.29411765,3.2,8.8,35,1.1,3.1,0
5,4,feb,fri,85.2,4.9,15.8,31.01265823,6.3,7.5,46,24.24,8,0
2,5,jul,sun,93.9,169.7,411.8,41.20932492,12.3,23.4,40,0,6.3,0
7,6,jul,wed,91.2,183.1,437.7,41.83230523,12.5,12.6,90,0,7.6,0.2
7,4,jul,sat,91.6,104.2,474.9,21.94146136,9,22.1,49,0,2.7,0
7,4,jul,sat,91.6,104.2,474.9,21.94146136,9,24.2,32,0,1.8,0
7,4,jul,sat,91.6,104.2,474.9,21.94146136,9,24.3,30,0,1.8,0
2,5,jul,sat,91.6,104.2,474.9,21.94146136,9,18.7,53,0,1.8,0
9,4,jul,sat,91.6,104.2,474.9,21.94146136,9,25.3,39,8,0.9,0
4,5,jul,fri,91.6,100.2,466.3,21.48831225,6.3,22.9,40,2.64,1.3,0
7,6,jul,tue,93.1,180.4,430.8,41.87558032,11,26.9,28,86.45,5.4,0
8,6,jul,tue,92.3,88.8,440.9,20.14062146,8.5,17.1,67,6.57,3.6,0
7,5,jun,sun,93.1,180.4,430.8,41.87558032,11,22.2,48,0,1.3,0
6,4,jun,sun,90.4,89.5,290.8,30.77716644,6.4,14.3,46,0.9,1.8,0
8,6,jun,sun,90.4,89.5,290.8,30.77716644,6.4,15.4,45,0,2.2,0
8,6,jun,wed,91.2,147.8,377.2,39.18345705,12.7,19.6,43,0,4.9,0
6,5,jun,sat,53.4,71,233.8,30.36783576,0.4,10.6,90,0,2.7,0
6,5,jun,mon,90.4,93.3,298.1,31.29822207,7.5,20.7,25,0,4.9,0
6,5,jun,mon,90.4,93.3,298.1,31.29822207,7.5,19.1,39,3.52,5.4,0
3,6,jun,fri,91.1,94.1,232.1,40.54286945,7.1,19.2,38,0,4.5,0
3,6,jun,fri,91.1,94.1,232.1,40.54286945,7.1,19.2,38,0,4.5,0
6,5,may,sat,85.1,28,113.8,24.60456942,3.5,11.3,94,0,4.9,0
1,4,sep,sun,89.6,84.1,714.3,11.77376452,5.7,19,52,0,2.2,0
7,4,sep,sun,89.6,84.1,714.3,11.77376452,5.7,17.1,53,0.41,5.4,0
3,4,sep,sun,89.6,84.1,714.3,11.77376452,5.7,23.8,35,5.18,3.6,0
2,4,sep,sun,92.4,105.8,758.1,13.95594249,9.9,16,45,0,1.8,0
2,4,sep,sun,92.4,105.8,758.1,13.95594249,9.9,24.9,27,0,2.2,0
7,4,sep,sun,92.4,105.8,758.1,13.95594249,9.9,25.3,27,0,2.7,0
6,3,sep,sun,92.4,105.8,758.1,13.95594249,9.9,24.8,28,14.29,1.8,0
2,4,sep,sun,50.4,46.2,706.6,6.538352675,0.4,12.2,78,0,6.3,0
6,5,sep,wed,92.6,115.4,777.1,14.85008364,8.8,24.3,27,0,4.9,0
4,4,sep,wed,92.6,115.4,777.1,14.85008364,8.8,19.7,41,1.58,1.8,0
3,4,sep,wed,91.2,134.7,817.5,16.47706422,7.2,18.5,30,0,2.7,0
4,5,sep,thu,92.4,96.2,739.4,13.01054909,8.6,18.6,24,0,5.8,0
4,4,sep,thu,92.4,96.2,739.4,13.01054909,8.6,19.2,24,3.78,4.9,0
6,5,sep,thu,92.8,119,783.5,15.18825782,7.5,21.6,27,0,2.2,0
5,4,sep,thu,92.8,119,783.5,15.18825782,7.5,21.6,28,4.41,6.3,0
6,3,sep,thu,92.8,119,783.5,15.18825782,7.5,18.9,34,34.36,7.2,0
1,4,sep,thu,92.8,119,783.5,15.18825782,7.5,16.8,28,7.21,4,0
6,5,sep,thu,92.8,119,783.5,15.18825782,7.5,16.8,28,1.01,4,0
3,5,sep,thu,90.7,136.9,822.8,16.63830822,6.8,12.9,39,2.18,2.7,0
6,5,sep,thu,88.1,53.3,726.9,7.33250791,5.4,13.7,56,4.42,1.8,0
1,4,sep,sat,92.2,102.3,751.5,13.61277445,8.4,24.2,27,0,3.1,0
5,4,sep,sat,92.2,102.3,751.5,13.61277445,8.4,24.1,27,0,3.1,0
6,5,sep,sat,92.2,102.3,751.5,13.61277445,8.4,21.2,32,0,2.2,0
6,5,sep,sat,92.2,102.3,751.5,13.61277445,8.4,19.7,35,0,1.8,0
4,3,sep,sat,92.2,102.3,751.5,13.61277445,8.4,23.5,27,3.33,4,0
3,3,sep,sat,92.2,102.3,751.5,13.61277445,8.4,24.2,27,6.58,3.1,0
7,4,sep,sat,91.2,124.4,795.3,15.64189614,8.5,21.5,28,15.64,4.5,0
4,4,sep,sat,91.2,124.4,795.3,15.64189614,8.5,17.1,41,11.22,2.2,0
1,4,sep,mon,92.1,87.7,721.1,12.16197476,9.5,18.1,54,2.13,3.1,0
2,3,sep,mon,91.6,108.4,764,14.18848168,6.2,18,51,0,5.4,0
4,3,sep,mon,91.6,108.4,764,14.18848168,6.2,9.8,86,0,1.8,0
7,4,sep,mon,91.6,108.4,764,14.18848168,6.2,19.3,44,0,2.2,0
6,3,sep,mon,91.6,108.4,764,14.18848168,6.2,23,34,56.04,2.2,0
8,6,sep,mon,91.6,108.4,764,14.18848168,6.2,22.7,35,7.48,2.2,0
2,4,sep,mon,91.6,108.4,764,14.18848168,6.2,20.4,41,1.47,1.8,0
2,5,sep,mon,91.6,108.4,764,14.18848168,6.2,19.3,44,3.93,2.2,0
8,6,sep,mon,91.9,111.7,770.3,14.50084383,6.5,15.7,51,0,2.2,0
6,3,sep,mon,91.5,130.1,807.1,16.11943997,7.5,20.6,37,0,1.8,0
8,6,sep,mon,91.5,130.1,807.1,16.11943997,7.5,15.9,51,2.18,4.5,0
6,3,sep,mon,91.5,130.1,807.1,16.11943997,7.5,12.2,66,6.1,4.9,0
2,2,sep,mon,91.5,130.1,807.1,16.11943997,7.5,16.8,43,5.83,3.1,0
1,4,sep,mon,91.5,130.1,807.1,16.11943997,7.5,21.3,35,28.19,2.2,0
5,4,sep,fri,92.1,99,745.3,13.28324165,9.6,10.1,75,0,3.6,0
3,4,sep,fri,92.1,99,745.3,13.28324165,9.6,17.4,57,0,4.5,0
5,4,sep,fri,92.1,99,745.3,13.28324165,9.6,12.8,64,1.64,3.6,0
5,4,sep,fri,92.1,99,745.3,13.28324165,9.6,10.1,75,3.71,3.6,0
4,4,sep,fri,92.1,99,745.3,13.28324165,9.6,15.4,53,7.31,6.3,0
7,4,sep,fri,92.1,99,745.3,13.28324165,9.6,20.6,43,2.03,3.6,0
7,4,sep,fri,92.1,99,745.3,13.28324165,9.6,19.8,47,1.72,2.7,0
7,4,sep,fri,92.1,99,745.3,13.28324165,9.6,18.7,50,5.97,2.2,0
4,4,sep,fri,92.1,99,745.3,13.28324165,9.6,20.8,35,13.06,4.9,0
4,4,sep,fri,92.1,99,745.3,13.28324165,9.6,20.8,35,1.26,4.9,0
6,3,sep,fri,92.5,122,789.7,15.44890465,10.2,15.9,55,0,3.6,0
6,3,sep,fri,92.5,122,789.7,15.44890465,10.2,19.7,39,0,2.7,0
1,4,sep,fri,92.5,122,789.7,15.44890465,10.2,21.1,39,8.12,2.2,0
6,5,sep,fri,92.5,122,789.7,15.44890465,10.2,18.4,42,1.09,2.2,0
4,3,sep,fri,92.5,122,789.7,15.44890465,10.2,17.3,45,3.94,4,0
7,4,sep,fri,88.2,55.2,732.3,7.537894306,11.6,15.2,64,0.52,3.1,0
4,3,sep,tue,91.9,111.7,770.3,14.50084383,6.5,15.9,53,2.93,2.2,0
6,5,sep,tue,91.9,111.7,770.3,14.50084383,6.5,21.1,35,5.65,2.7,0
6,5,sep,tue,91.9,111.7,770.3,14.50084383,6.5,19.6,45,20.03,3.1,0
4,5,sep,tue,91.1,132.3,812.1,16.29109716,12.5,15.9,38,1.75,5.4,0
4,5,sep,tue,91.1,132.3,812.1,16.29109716,12.5,16.4,27,0,3.6,0
6,5,sep,sat,91.2,94.3,744.4,12.66792047,8.4,16.8,47,12.64,4.9,0
4,5,sep,sun,91,276.3,825.1,33.48685008,7.1,13.8,77,0,7.6,0
7,4,sep,sun,91,276.3,825.1,33.48685008,7.1,13.8,77,11.06,7.6,0
3,4,jul,wed,91.9,133.6,520.5,25.66762728,8,14.2,58,0,4,0
4,5,aug,sun,92,203.2,664.5,30.57938299,8.1,10.4,75,0,0.9,0
5,4,aug,thu,94.8,222.4,698.6,31.83509877,13.9,20.3,42,0,2.7,0
6,5,sep,fri,90.3,290,855.3,33.90623173,7.4,10.3,78,18.3,4,0
6,5,sep,sat,91.2,94.3,744.4,12.66792047,8.4,15.4,57,39.35,4.9,0
8,6,aug,mon,92.1,207,672.6,30.77609277,8.2,21.1,54,0,2.2,0
2,2,aug,sat,93.7,231.1,715.1,32.31715844,8.4,21.9,42,174.63,2.2,0
6,5,mar,thu,90.9,18.9,30.6,61.76470588,8,8.7,51,0,5.8,0
4,5,jan,sun,18.7,1.1,171.4,0.641773629,0,5.2,100,0,0.9,0
5,4,jul,wed,93.7,101.3,458.8,22.0793374,11.9,19.3,39,7.73,7.2,0
8,6,aug,thu,90.7,194.1,643,30.18662519,6.8,16.2,63,16.33,2.7,0
8,6,aug,wed,95.2,217.7,690,31.55072464,18,28.2,29,5.86,1.8,0
9,6,aug,thu,91.6,248.4,753.8,32.95303794,6.3,20.5,58,42.87,2.7,0
8,4,aug,sat,91.6,273.8,819.1,33.426932,7.7,21.3,44,12.18,4.5,0
2,4,aug,sun,91.6,181.3,613,29.57585644,7.6,20.9,50,16,2.2,0
3,4,sep,sun,90.5,96.7,750.5,12.8847435,11.4,20.6,55,24.59,5.4,0
5,5,mar,thu,90.9,18.9,30.6,61.76470588,8,11.6,48,0,5.4,0
6,4,aug,fri,94.8,227,706.7,32.12112636,12,23.3,34,28.74,3.1,0
7,4,aug,fri,94.8,227,706.7,32.12112636,12,23.3,34,0,3.1,0
7,4,feb,mon,84.7,9.5,58.3,16.29502573,4.1,7.5,71,9.96,6.3,0
8,6,sep,fri,91.1,91.3,738.1,12.36959762,7.2,20.7,46,30.18,2.7,0
1,3,sep,sun,91,276.3,825.1,33.48685008,7.1,21.9,43,70.76,4,0
2,4,mar,tue,93.4,15,25.6,58.59375,11.4,15.2,19,0,7.6,0
6,5,feb,mon,84.1,4.6,46.7,9.850107066,2.2,5.3,68,0,1.8,0
4,5,feb,sun,85,9,56.9,15.8172232,3.5,10.1,62,51.78,1.8,0
4,3,sep,sun,90.5,96.7,750.5,12.8847435,11.4,20.4,55,3.64,4.9,0
5,6,aug,sun,91.6,181.3,613,29.57585644,7.6,24.3,33,3.63,3.6,0
1,2,aug,sat,93.7,231.1,715.1,32.31715844,8.4,25.9,32,0,3.1,0
9,5,jun,wed,93.3,49.5,297.7,16.62747733,14,28,34,0,4.5,0
9,5,jun,wed,93.3,49.5,297.7,16.62747733,14,28,34,8.16,4.5,0
3,4,sep,thu,91.1,88.2,731.7,12.05412054,8.3,22.8,46,4.95,4,0
9,9,aug,fri,94.8,227,706.7,32.12112636,12,25,36,0,4,0
8,6,aug,thu,90.7,194.1,643,30.18662519,6.8,21.3,41,0,3.6,0
2,4,sep,wed,87.9,84.8,725.1,11.69493863,3.7,21.8,34,6.04,2.2,0
2,2,aug,tue,94.6,212.1,680.9,31.1499486,9.5,27.9,27,0,2.2,0
6,5,sep,sat,87.1,291.3,860.6,33.84847781,4,17,67,3.95,4.9,0
4,5,feb,sat,84.7,8.2,55,14.90909091,2.9,14.2,46,0,4,0
4,3,sep,fri,90.3,290,855.3,33.90623173,7.4,19.9,44,7.8,3.1,0
1,4,jul,tue,92.3,96.2,450.2,21.36828076,12.1,23.4,31,0,5.4,0
6,3,feb,fri,84.1,7.3,52.8,13.82575758,2.7,14.7,42,0,2.7,0
7,4,feb,fri,84.6,3.2,43.6,7.339449541,3.3,8.2,53,4.62,9.4,0
9,4,jul,mon,92.3,92.1,442.1,20.83239086,9.8,22.8,27,1.63,4.5,0
7,5,aug,sat,93.7,231.1,715.1,32.31715844,8.4,26.4,33,0,3.6,0
5,4,aug,sun,93.6,235.1,723.1,32.51279214,10.1,24.1,50,0,4,0
8,6,aug,thu,94.8,222.4,698.6,31.83509877,13.9,27.5,27,746.28,4.9,0
6,3,jul,tue,92.7,164.1,575.8,28.49947899,8.9,26.3,39,7.02,3.1,0
6,5,mar,wed,93.4,17.3,28.3,61.13074205,9.9,13.8,24,0,5.8,0
2,4,aug,sun,92,203.2,664.5,30.57938299,8.1,24.9,42,2.44,5.4,0
2,5,aug,sun,91.6,181.3,613,29.57585644,7.6,24.8,36,3.05,4,0
8,8,aug,wed,91.7,191.4,635.9,30.09907218,7.8,26.2,36,185.76,4.5,0
2,4,aug,wed,95.2,217.7,690,31.55072464,18,30.8,19,0,4.5,0
8,6,jul,sun,88.9,263.1,795.9,33.0569167,5.2,29.3,27,6.3,3.6,0
1,3,sep,sat,91.2,94.3,744.4,12.66792047,8.4,22.3,48,0.72,4,0
8,6,aug,sat,93.7,231.1,715.1,32.31715844,8.4,26.9,31,4.96,3.6,0
2,2,aug,thu,91.6,248.4,753.8,32.95303794,6.3,20.4,56,0,2.2,0
8,6,aug,thu,91.6,248.4,753.8,32.95303794,6.3,20.4,56,0,2.2,0
2,4,aug,mon,92.1,207,672.6,30.77609277,8.2,27.9,33,2.35,2.2,0
1,3,aug,thu,94.8,222.4,698.6,31.83509877,13.9,26.2,34,0,5.8,0
3,4,aug,sun,91.6,181.3,613,29.57585644,7.6,24.6,44,3.2,4,0
7,4,sep,thu,89.7,287.2,849.3,33.81608383,6.8,19.4,45,0,3.6,0
1,3,aug,sat,92.1,178,605.3,29.40690567,9.6,23.3,40,6.36,4,0
8,6,aug,thu,94.8,222.4,698.6,31.83509877,13.9,23.9,38,0,6.7,0
2,4,aug,sun,93.6,235.1,723.1,32.51279214,10.1,20.9,66,15.34,4.9,0
1,4,aug,fri,90.6,269.8,811.2,33.25936884,5.5,22.2,45,0,3.6,0
2,5,jul,sat,90.8,84.7,376.6,22.49070632,5.6,23.8,51,0,1.8,0
8,6,aug,mon,92.1,207,672.6,30.77609277,8.2,26.8,35,0.54,1.3,0
8,6,aug,sat,89.4,253.6,768.4,33.00364394,9.7,14.2,73,0,2.7,0
2,5,aug,sat,93.7,231.1,715.1,32.31715844,8.4,23.6,53,6.43,4,0
1,3,sep,fri,91.1,91.3,738.1,12.36959762,7.2,19.1,46,0.33,2.2,0
5,4,sep,fri,90.3,290,855.3,33.90623173,7.4,16.2,58,0,3.6,0
8,6,aug,mon,92.1,207,672.6,30.77609277,8.2,25.5,29,1.23,1.8,0
6,5,apr,mon,87.9,24.9,41.6,59.85576923,3.7,10.9,64,3.35,3.1,0
1,2,jul,fri,90.7,80.9,368.3,21.96578876,16.8,14.8,78,0,8,0
2,5,sep,fri,90.3,290,855.3,33.90623173,7.4,16.2,58,9.96,3.6,0
5,5,aug,sun,94,47.9,100.7,47.56703078,10.7,17.3,80,0,4.5,0
6,5,aug,sun,92,203.2,664.5,30.57938299,8.1,19.1,70,0,2.2,0
3,4,mar,wed,93.4,17.3,28.3,61.13074205,9.9,8.9,35,0,8,0
7,4,sep,wed,89.7,284.9,844,33.75592417,10.1,10.5,77,0,4,0
7,4,aug,sun,91.6,181.3,613,29.57585644,7.6,19.3,61,0,4.9,0
4,5,aug,wed,95.2,217.7,690,31.55072464,18,23.4,49,6.43,5.4,0
1,4,aug,fri,90.5,196.8,649.9,30.28158178,16.3,11.8,88,9.71,4.9,0
7,4,aug,mon,91.5,238.2,730.6,32.60333972,7.5,17.7,65,0,4,0
4,5,aug,thu,89.4,266.2,803.3,33.13830449,5.6,17.4,54,0,3.1,0
3,4,aug,thu,91.6,248.4,753.8,32.95303794,6.3,16.8,56,0,3.1,0
3,4,jul,mon,94.6,160,567.2,28.20874471,16.7,17.9,48,0,2.7,0
2,4,aug,thu,91.6,248.4,753.8,32.95303794,6.3,16.6,59,0,2.7,0
1,4,aug,wed,91.7,191.4,635.9,30.09907218,7.8,19.9,50,82.75,4,0
8,6,aug,sat,93.7,231.1,715.1,32.31715844,8.4,18.9,64,3.32,4.9,0
7,4,aug,sat,91.6,273.8,819.1,33.426932,7.7,15.5,72,1.94,8,0
2,5,aug,sat,93.7,231.1,715.1,32.31715844,8.4,18.9,64,0,4.9,0
8,6,aug,sat,93.7,231.1,715.1,32.31715844,8.4,18.9,64,0,4.9,0
1,4,sep,sun,91,276.3,825.1,33.48685008,7.1,14.5,76,3.71,7.6,0
6,5,feb,tue,75.1,4.4,16.2,27.16049383,1.9,4.6,82,5.39,6.3,0
6,4,feb,tue,75.1,4.4,16.2,27.16049383,1.9,5.1,77,2.14,5.4,0
2,2,feb,sat,79.5,3.6,15.3,23.52941176,1.8,4.6,59,6.84,0.9,0
6,5,mar,mon,87.2,15.1,36.9,40.92140921,7.1,10.2,45,3.18,5.8,0
3,4,mar,wed,90.2,18.5,41.1,45.01216545,7.3,11.2,41,5.55,5.4,0
6,5,mar,thu,91.3,20.6,43.5,47.35632184,8.5,13.3,27,6.61,3.6,0
6,3,apr,sun,91,14.6,25.6,57.03125,12.3,13.7,33,61.13,9.4,0
5,4,apr,sun,91,14.6,25.6,57.03125,12.3,17.6,27,0,5.8,0
4,3,may,fri,89.6,25.4,73.7,34.46404342,5.7,18,40,38.48,4,0
8,3,jun,mon,88.2,96.2,229,42.00873362,4.7,14.3,79,1.94,4,0
9,4,jun,sat,90.5,61.1,252.6,24.18844022,9.4,24.5,50,70.32,3.1,0
4,3,jun,thu,93,103.8,316.7,32.77549732,10.8,26.4,35,10.08,2.7,0
2,5,jun,thu,93.7,121.7,350.2,34.75157053,18,22.7,40,3.19,9.4,0
4,3,jul,thu,93.5,85.3,395,21.59493671,9.9,27.2,28,1.76,1.3,0
4,3,jul,sun,93.7,101.3,423.4,23.92536608,14.7,26.1,45,7.36,4,0
7,4,jul,sun,93.7,101.3,423.4,23.92536608,14.7,18.2,82,2.21,4.5,0
7,4,jul,mon,89.2,103.9,431.6,24.07321594,6.4,22.6,57,278.53,4.9,0
9,9,jul,thu,93.2,114.4,560,20.42857143,9.5,30.2,25,2.75,4.5,0
4,3,jul,thu,93.2,114.4,560,20.42857143,9.5,30.2,22,0,4.9,0
3,4,aug,sun,94.9,130.3,587.1,22.1938341,14.1,23.4,40,1.29,5.8,0
8,6,aug,sun,94.9,130.3,587.1,22.1938341,14.1,31,27,0,5.4,0
2,5,aug,sun,94.9,130.3,587.1,22.1938341,14.1,33.1,25,26.43,4,0
2,4,aug,mon,95,135.5,596.3,22.72346134,21.3,30.6,28,2.07,3.6,0
5,4,aug,tue,95.1,141.3,605.8,23.32452955,17.7,24.1,43,2,6.3,0
5,4,aug,tue,95.1,141.3,605.8,23.32452955,17.7,26.4,34,16.4,3.6,0
4,4,aug,tue,95.1,141.3,605.8,23.32452955,17.7,19.4,71,46.7,7.6,0
4,4,aug,wed,95.1,141.3,605.8,23.32452955,17.7,20.6,58,0,1.3,0
4,4,aug,wed,95.1,141.3,605.8,23.32452955,17.7,28.7,33,0,4,0
4,4,aug,thu,95.8,152,624.1,24.3550713,13.8,32.4,21,0,4.5,0
1,3,aug,fri,95.9,158,633.6,24.93686869,11.3,32.4,27,0,2.2,0
1,3,aug,fri,95.9,158,633.6,24.93686869,11.3,27.5,29,43.32,4.5,0
6,6,aug,sat,96,164,643,25.50544323,14,30.8,30,8.59,4.9,0
6,6,aug,mon,96.2,175.5,661.8,26.51858568,16.8,23.9,42,0,2.2,0
4,5,aug,mon,96.2,175.5,661.8,26.51858568,16.8,32.6,26,2.77,3.1,0
3,4,aug,tue,96.1,181.1,671.2,26.98152563,14.3,32.3,27,14.68,2.2,0
6,5,aug,tue,96.1,181.1,671.2,26.98152563,14.3,33.3,26,40.54,2.7,0
7,5,aug,tue,96.1,181.1,671.2,26.98152563,14.3,27.3,63,10.82,4.9,6.4
8,6,aug,tue,96.1,181.1,671.2,26.98152563,14.3,21.6,65,0,4.9,0.8
7,5,aug,tue,96.1,181.1,671.2,26.98152563,14.3,21.6,65,0,4.9,0.8
4,4,aug,tue,96.1,181.1,671.2,26.98152563,14.3,20.7,69,0,4.9,0.4
2,4,aug,wed,94.5,139.4,689.1,20.22928457,20,29.2,30,1.95,4.9,0
4,3,aug,wed,94.5,139.4,689.1,20.22928457,20,28.9,29,49.59,4.9,0
1,2,aug,thu,91,163.2,744.4,21.92369694,10.1,26.7,35,5.8,1.8,0
1,2,aug,fri,91,166.9,752.6,22.17645496,7.1,18.5,73,0,8.5,0
2,4,aug,fri,91,166.9,752.6,22.17645496,7.1,25.9,41,0,3.6,0
1,2,aug,fri,91,166.9,752.6,22.17645496,7.1,25.9,41,0,3.6,0
5,4,aug,fri,91,166.9,752.6,22.17645496,7.1,21.1,71,2.17,7.6,1.4
6,5,aug,fri,91,166.9,752.6,22.17645496,7.1,18.2,62,0.43,5.4,0
8,6,aug,sun,81.6,56.7,665.6,8.518629808,1.9,27.8,35,0,2.7,0
4,3,aug,sun,81.6,56.7,665.6,8.518629808,1.9,27.8,32,6.44,2.7,0
2,4,aug,sun,81.6,56.7,665.6,8.518629808,1.9,21.9,71,54.29,5.8,0
7,4,aug,sun,81.6,56.7,665.6,8.518629808,1.9,21.2,70,11.16,6.7,0
1,4,aug,sat,94.4,146,614.7,23.75142346,11.3,25.6,42,0,4,0
6,3,nov,tue,79.5,3,106.7,2.811621368,1.1,11.8,31,0,4.5,0
